round,weighted_error,alpha,acc_on_training_data,f1_on_training_data,val_acc_history,val_f1_history,unweighted_error,noisy_weight,clean_weight
1,0.48328571428571426,2.7169279686091308,0.09860714285714285,0.017951301973277854,0.09592857142857143,0.01750635468943492,0.48328571428571426,0.20000000000000007,0.8000000000000003
2,0.644650162896387,1.9219434619817284,0.5167142857142857,0.5242479941256671,0.6188571428571429,0.6066673688396391,0.5545,0.34929989022880265,0.6507001097711974
3,0.7344112774426387,1.416125206323457,0.5167142857142857,0.5242479941256671,0.6188571428571429,0.6066673688396391,0.7474464285714286,0.4512262968105652,0.548773703189435
4,0.7684127119109975,1.197425352080198,0.541625,0.5578291885315847,0.6452142857142857,0.6416916192827162,0.6579821428571428,0.5097787539933154,0.4902212460066847
5,0.7663293338669489,1.2114303294693454,0.57525,0.5938702080097793,0.6882142857142857,0.6817226925020575,0.768125,0.548364016181154,0.45163598381884573
6,0.7518803376350918,1.3062702370368495,0.5788571428571428,0.6004589641017638,0.6902857142857143,0.6863061565743254,0.6735535714285714,0.5861431873743952,0.4138568126256048
7,0.7477198528999334,1.3328836351217135,0.6016607142857143,0.6238836058648215,0.7209285714285715,0.7186376055389773,0.6439821428571428,0.6274112172610823,0.3725887827389176
8,0.7607716476102654,1.2483718541486866,0.6199464285714286,0.6406487242823975,0.7417857142857143,0.7385685291396187,0.8137142857142857,0.6653915150102938,0.3346084849897062
9,0.7279513568110395,1.455565481399509,0.6243392857142858,0.6461877742514782,0.7437142857142857,0.7411006318427479,0.7501607142857143,0.6778933832950953,0.3221066167049047
10,0.705667003418002,1.5873514625748546,0.6289107142857143,0.649972695650603,0.7507142857142857,0.7481943013790333,0.7370357142857142,0.679953396337768,0.32004660366223214
11,0.8079942325510702,0.9122340805746942,0.6291785714285715,0.6502199932291417,0.7545714285714286,0.7533969738609669,0.759375,0.6866439509810038,0.31335604901899616
12,0.8129209955771564,0.8737459921204384,0.6360535714285714,0.6574234286133518,0.7622142857142857,0.7612432899835615,0.7024642857142858,0.7142833692761441,0.28571663072385606
13,0.8181961504149473,0.8316609997803613,0.6413571428571428,0.6617850442210502,0.7699285714285714,0.7688228864594067,0.7257678571428572,0.7355780382691419,0.2644219617308581
14,0.8157369279161296,0.8513965712424835,0.6485892857142858,0.6682910771892254,0.7786428571428572,0.7770956907693793,0.782625,0.7523111744987565,0.24768882550124346
15,0.8132664159488312,0.8710184920600592,0.6544464285714285,0.6740733506231986,0.7844285714285715,0.7827957144570361,0.7619821428571428,0.7664163057700044,0.2335836942299957
16,0.8060100938432536,0.9275213269429583,0.6570714285714285,0.6762052778001566,0.7892857142857143,0.7877066075134816,0.7638928571428572,0.7789757454758588,0.22102425452414115
17,0.8061059561681159,0.9267854738992454,0.663625,0.6825431700817803,0.7947142857142857,0.7935421567544926,0.7995892857142857,0.7918068336593714,0.20819316634062845
18,0.8286981836590084,0.7449546837935582,0.6672321428571428,0.6847487287653711,0.799,0.7977096559107206,0.7660714285714286,0.8009242692836896,0.19907573071631038
19,0.8357342317454389,0.68447948845359,0.6702321428571428,0.682259177609579,0.7997857142857143,0.7983398814395126,0.752,0.811552219687018,0.18844778031298193
20,0.8466218457704362,0.5866522965035611,0.6737678571428571,0.6783254533680666,0.8032857142857143,0.8019329555870989,0.7456071428571428,0.821210203787639,0.1787897962123609
21,0.8436725611051755,0.6136954722746634,0.6778035714285714,0.6820797497940028,0.8081428571428572,0.8066779736536702,0.7573214285714286,0.8311521028523818,0.1688478971476183
22,0.8471598800928548,0.5816730565951349,0.681625,0.6839813294131962,0.8092857142857143,0.8076878663714545,0.81025,0.8368608219889225,0.16313917801107752
23,0.8431132615750744,0.6187768880293971,0.6825892857142857,0.6851023492847185,0.81,0.8085006639693251,0.8159107142857143,0.8425249881431264,0.15747501185687346
24,0.8496307134302957,0.5586203472800028,0.6824821428571428,0.6857201668362347,0.8120714285714286,0.8104726507800889,0.8334285714285714,0.8473866390447014,0.15261336095529865
25,0.8498139462167404,0.5568984271884642,0.6834285714285714,0.6890476031553096,0.8142857142857143,0.8126887237604539,0.8007678571428571,0.8537733538248347,0.14622664617516534
26,0.8566155165155007,0.4917181393496115,0.6849285714285714,0.6902692066902254,0.8154285714285714,0.8140715294140438,0.8522857142857143,0.8594994920992104,0.14050050790078955
27,0.8546846825599121,0.5104775438116678,0.687125,0.6918964369015661,0.8164285714285714,0.8152810012430611,0.7815178571428572,0.8628408636258145,0.1371591363741856
28,0.8577945816640907,0.4801590505126381,0.6885535714285714,0.6920015572936353,0.8167857142857143,0.815546005682811,0.7931785714285714,0.8681624100530874,0.13183758994691275
29,0.8608898947656767,0.44942844634047496,0.6906071428571429,0.6927392931652623,0.8178571428571428,0.8165796977217881,0.7976428571428571,0.8729807125118412,0.12701928748815886
30,0.8625552760406769,0.4326566052390249,0.691625,0.6934017618936636,0.8185,0.8172799569232316,0.8013392857142857,0.8769052637999023,0.12309473620009766
31,0.8641426974069872,0.41651010286372514,0.6925178571428572,0.6931501638640702,0.8200714285714286,0.8188369219433186,0.7843214285714286,0.8805648703456793,0.11943512965432064
32,0.862891661759538,0.42924820116859985,0.6928035714285714,0.6929532955087494,0.8221428571428572,0.820907397278918,0.82725,0.884000141909969,0.11599985809003104
33,0.8678258402162341,0.3784247675692461,0.6939285714285715,0.6939015317657475,0.8228571428571428,0.8217915796976761,0.7383035714285714,0.8878781913436501,0.11212180865634985
34,0.8592199138097731,0.4660784125326771,0.6952321428571429,0.696758692232345,0.8240714285714286,0.8230319166225314,0.7465714285714286,0.8919519812388789,0.10804801876112112
35,0.8651784724603063,0.4058887808639163,0.6995,0.7013478411361506,0.8284285714285714,0.8274135855460958,0.7381785714285715,0.897032585324073,0.10296741467592696
36,0.861745454606076,0.44083339739890126,0.699625,0.7003751168155368,0.8292142857142857,0.8280751472572874,0.7920714285714285,0.8998820221882606,0.10011797781173916
37,0.8677531156359185,0.3791854126818584,0.70025,0.6998906255346075,0.8305714285714285,0.8294541007973253,0.8036071428571429,0.9023971145912923,0.09760288540870762
38,0.8664394889671616,0.3928643349371511,0.7017857142857142,0.7020124885667605,0.8317857142857142,0.8306240298251749,0.8404464285714286,0.9052780851789122,0.09472191482108791
39,0.868967407709442,0.3664380559854753,0.7023928571428572,0.7026249957533738,0.8325,0.831326339781354,0.7392678571428571,0.9078845816017858,0.09211541839821422
40,0.8687458798320311,0.36877105901139423,0.7041607142857143,0.7040110542123232,0.8335,0.8323134024198108,0.8169642857142857,0.9111816301027856,0.08881836989721437
41,0.8648077975856641,0.4096977382951798,0.7050178571428571,0.7047409206156887,0.833,0.8318169600968958,0.8407142857142857,0.912458367355246,0.08754163264475415
42,0.8692477959810314,0.36348036184440397,0.7062857142857143,0.7060351245782226,0.8352142857142857,0.8339943257985502,0.8261428571428572,0.9143619231528396,0.08563807684716032
43,0.8675581759908031,0.3812225892369083,0.707,0.7068038855623239,0.8357142857142857,0.8346414875116134,0.8274464285714286,0.9172585223098118,0.08274147769018825
44,0.8705416992832481,0.3497612924321172,0.7069464285714285,0.7073291233713067,0.8366428571428571,0.835677730522114,0.8421964285714286,0.9189123553961592,0.08108764460384071
45,0.8657378828216679,0.40012365353090434,0.7070892857142858,0.7079648303639148,0.8375714285714285,0.8365950217392907,0.8548035714285714,0.9202776128167043,0.07972238718329554
46,0.8731003174636947,0.322285187937098,0.7081428571428572,0.7100902989840222,0.8371428571428572,0.8361730492244421,0.8542321428571429,0.922093790678559,0.0779062093214409
47,0.8748365803948571,0.3033692567772305,0.708125,0.7090746258879765,0.8372857142857143,0.8363125548498891,0.7886607142857143,0.9237685819031316,0.07623141809686829
48,0.8749879753568705,0.3017092360116157,0.7092678571428571,0.7098144126900665,0.8395,0.8384740516009899,0.8061071428571429,0.9254800728234744,0.07451992717652561
49,0.8639260939695339,0.41872261968698493,0.7104464285714286,0.7111302705248146,0.8396428571428571,0.8386772701745941,0.7864821428571429,0.927503876730197,0.07249612326980287
50,0.8714313260998972,0.3402608447459228,0.7124285714285714,0.7127894220373963,0.841,0.8400122138645523,0.8297142857142857,0.9303294317670113,0.06967056823298876
51,0.8698316746255169,0.357303942399498,0.7126964285714286,0.7123632856473538,0.8405,0.8394833729096975,0.8349642857142857,0.9315202547363978,0.06847974526360215
52,0.8675743428050511,0.3810537379420014,0.7137142857142857,0.7133503132540262,0.8412857142857143,0.8403930121342211,0.8050892857142857,0.933347783043603,0.06665221695639686
53,0.8663471303445435,0.39382178341411445,0.7151785714285714,0.7159971458868972,0.8437142857142857,0.8428418094788078,0.7296428571428571,0.9355247694215432,0.06447523057845683
54,0.8695776550933128,0.359993914719933,0.7166071428571429,0.7174219871000336,0.8442857142857143,0.8434055336425089,0.7821964285714286,0.9375926348656549,0.06240736513434504
55,0.8667929342996741,0.3891951140183565,0.7160535714285714,0.7154426547332043,0.8449285714285715,0.8440117491288914,0.845,0.9389115119379323,0.06108848806206764
56,0.8697511058254673,0.35815761894062603,0.717125,0.7170413449525266,0.8454285714285714,0.8445543664247188,0.8375892857142857,0.9399591732442241,0.06004082675577577
57,0.8680486880051167,0.37609173371831284,0.7180178571428572,0.7175804796026954,0.8464285714285714,0.8456802473540858,0.8111071428571428,0.9406505887258577,0.05934941127414239
58,0.8649067322708781,0.4086819745749822,0.7179107142857143,0.7174347138351379,0.8472142857142857,0.8464287618105478,0.8381964285714286,0.941374648692283,0.05862535130771679
59,0.8722618862814868,0.33134046200160966,0.7167678571428572,0.7165243978889849,0.8456428571428571,0.844924264062365,0.8098928571428572,0.9421688194071474,0.05783118059285278
60,0.872321281041913,0.3307006561818011,0.7187142857142857,0.7187291772654368,0.8467142857142858,0.8459857587150278,0.8743928571428572,0.9430160159955456,0.05698398400445455
61,0.8699675835336498,0.35586288419108447,0.7189464285714285,0.7185018864138615,0.8471428571428572,0.8464544076238338,0.8776964285714286,0.943767000920482,0.056232999079518134
62,0.8692723168456216,0.3632214457726795,0.7184821428571428,0.7181136316300363,0.8477142857142858,0.8470650401253756,0.8971428571428571,0.9439781026001485,0.0560218973998514
63,0.8659729950429215,0.3976945943882522,0.7175,0.7175924882258784,0.846,0.8454862045551816,0.8376964285714286,0.9434970663901142,0.05650293360988584
64,0.8735608769070942,0.31728925088468785,0.7179642857142857,0.7182190931128746,0.8456428571428571,0.8450675249720747,0.8524642857142857,0.9434305354905562,0.056569464509443626
65,0.8769038049078235,0.28055208137791526,0.7179464285714285,0.7182536795316691,0.8451428571428572,0.844513661095007,0.7549821428571428,0.9438172175225396,0.05618278247746046
66,0.8806113000304927,0.23879136991301184,0.7186964285714286,0.7181070732936842,0.8466428571428571,0.845958672148266,0.8717321428571428,0.9448727818319181,0.05512721816808185
67,0.8801451693774622,0.24410278068658914,0.7195178571428571,0.7185603257938209,0.8471428571428572,0.8464106527508946,0.9042142857142857,0.9450510238491596,0.05494897615084032
68,0.8651132872514559,0.40655924685126754,0.7200892857142858,0.7197665117508244,0.8465,0.8457553761537785,0.8790714285714286,0.9450427779626696,0.054957222037330326
69,0.8683466556152399,0.3729670305614817,0.7218392857142857,0.7211212269612777,0.848,0.847271055560627,0.9021428571428571,0.9454896006601171,0.054510399339882935
70,0.8700436924654595,0.3550553325582218,0.7228928571428571,0.722359164157991,0.8494285714285714,0.8487158467493732,0.8503214285714286,0.945774471721786,0.05422552827821395
71,0.8627319479139902,0.43086736589514324,0.7238392857142857,0.7237728307962523,0.8505714285714285,0.8498297690562836,0.8242678571428571,0.9466958275389469,0.05330417246105322
72,0.8578858325827531,0.4792611353105835,0.7231607142857143,0.7226621237664679,0.8500714285714286,0.8493822996915663,0.8193571428571429,0.9469637758761403,0.053036224123859804
73,0.8706591069731077,0.3485106705373043,0.7241785714285714,0.7237223426042739,0.8508571428571429,0.8500373849114551,0.8675892857142857,0.9469576574662406,0.05304234253375927
74,0.8695564655543375,0.36021810273517596,0.7249642857142857,0.7244702458591187,0.8498571428571429,0.8490658458508984,0.8826607142857142,0.9471139656726669,0.05288603432733327
75,0.8716261075688545,0.33817327404917136,0.7237857142857143,0.723744972570718,0.8482142857142857,0.8474475576616115,0.89975,0.9471676069970485,0.05283239300295142
76,0.8646965341946741,0.41083933204348033,0.7240178571428572,0.7235882527445484,0.8489285714285715,0.8480975035010838,0.8583035714285714,0.9473283901243451,0.05267160987565487
77,0.8690014361592977,0.3660793914093074,0.7248035714285714,0.724501724440269,0.85,0.8492248241646191,0.8979107142857143,0.9473081354417023,0.05269186455829744
78,0.8685694786880054,0.3706264239751876,0.7251071428571428,0.7248930603026592,0.85,0.8491824953827299,0.8354107142857143,0.9474675139985775,0.05253248600142251
79,0.867085406713539,0.38615263595728955,0.72475,0.7247199568957091,0.8503571428571428,0.8495844524863083,0.8770535714285714,0.9476516786474564,0.05234832135254372
80,0.87150832772435,0.3394359022102396,0.725,0.7248145988903905,0.8510714285714286,0.8502800334461712,0.8716785714285714,0.9472995929286302,0.05270040707136993
81,0.8648152136142602,0.40962161957955506,0.7261428571428571,0.7256345926772556,0.8515714285714285,0.8507660303616911,0.8462321428571429,0.9471735976279311,0.05282640237206883
82,0.8704632872522207,0.35059599650867435,0.7276607142857143,0.7272291976984928,0.8521428571428571,0.8513809014690639,0.8646071428571429,0.9481314048749389,0.051868595125061145
83,0.8698849364802146,0.3567393532007624,0.7278214285714286,0.7272056974794407,0.8532142857142857,0.8525361283860639,0.8568571428571429,0.9482776959127535,0.051722304087246554
84,0.8692752324836152,0.3631906567751936,0.7272857142857143,0.7271536276373479,0.8527142857142858,0.8520488892691986,0.8821428571428571,0.9483640014858075,0.051635998514192344
85,0.8690370428573942,0.36570400715545687,0.7275535714285715,0.7276974602867321,0.8529285714285715,0.852325471576704,0.8338392857142857,0.9483120733579116,0.051687926642088364
86,0.8631288112298893,0.4268410717752458,0.7276964285714286,0.7274109835610396,0.8539285714285715,0.8533897305279556,0.8701071428571429,0.948788281512469,0.05121171848753105
87,0.8616048210767545,0.44224927706872447,0.7295892857142857,0.7289173935295743,0.8547142857142858,0.8541291626782096,0.8804464285714285,0.9487187527051086,0.0512812472948913
88,0.8701305246959541,0.3541335102066237,0.7298928571428571,0.7294479718584138,0.8548571428571429,0.8542955891889485,0.872375,0.9485427377172864,0.05145726228271375
89,0.8634773525336275,0.4232969087806287,0.7299285714285715,0.7297416750287011,0.854,0.8534861887869027,0.9036071428571428,0.9484791174605646,0.05152088253943534
90,0.8712647595583414,0.34204388443388883,0.7287142857142858,0.7291626167944837,0.8527857142857143,0.8523206994546466,0.8984285714285715,0.9481439435428507,0.05185605645714928
91,0.8617567100855186,0.4407200264796944,0.7292142857142857,0.7293142578291675,0.8534285714285714,0.8529187223669353,0.8442142857142857,0.948358489700205,0.05164151029979507
92,0.8756178599069929,0.294784099408759,0.7296785714285714,0.7294834912774846,0.8545714285714285,0.8540180617762652,0.8979464285714286,0.9485874761335622,0.05141252386643774
93,0.8614960466039789,0.44334357593097806,0.7300714285714286,0.7298576141919784,0.8542857142857143,0.8537255920357001,0.8672678571428571,0.9486429726091873,0.05135702739081278
94,0.8726293905574593,0.3273775884383502,0.7308571428571429,0.7301487107604874,0.8557142857142858,0.8551186354821512,0.8675714285714285,0.9488342488388566,0.05116575116114328
95,0.8619359450061927,0.4389136359098645,0.73125,0.7308429502535272,0.8557142857142858,0.8551519623843642,0.8946428571428572,0.9493032809052063,0.05069671909479374
96,0.8628439758535149,0.42973180266112215,0.7320178571428572,0.7312133099650842,0.8560714285714286,0.8554119938726383,0.898125,0.9490707576609982,0.05092924233900177
97,0.8672223608249359,0.38472600606983903,0.7321964285714285,0.7318161582744265,0.8567857142857143,0.8561653983677087,0.8981071428571429,0.9487371153716271,0.05126288462837293
98,0.8715769995546665,0.33869984374121287,0.7311071428571428,0.7311391081657366,0.8565,0.8559739061366909,0.8719642857142857,0.9485153039745546,0.05148469602544531
99,0.871957192161473,0.3346186685243873,0.7308035714285714,0.7309727335717788,0.8563571428571428,0.8558497339706644,0.8980535714285715,0.9488195284742764,0.0511804715257234
100,0.8749900115799876,0.3016868974210741,0.7313035714285714,0.7314961194701308,0.8557142857142858,0.8552357241620472,0.8408392857142857,0.9485890886578116,0.0514109113421885
101,0.8732997170464697,0.3201240990025253,0.7316607142857143,0.731771221411336,0.8567142857142858,0.8561690954741283,0.8345892857142857,0.9491216347528626,0.05087836524713748
102,0.8677160568817152,0.3795728833765776,0.7321428571428571,0.73195820871091,0.8572142857142857,0.8565800756323428,0.8881964285714286,0.9495574696976002,0.05044253030239974
103,0.8708264699365096,0.34672625503677323,0.7323214285714286,0.7320256309331157,0.8561428571428571,0.8555210110010629,0.8962142857142857,0.949282553254541,0.05071744674545904
104,0.8693185306251457,0.36273336179508503,0.7325892857142857,0.7325669025370543,0.8559285714285715,0.8553455343885362,0.8170535714285714,0.948999999890144,0.05100000010985589
105,0.8681969099652096,0.3745381203305923,0.7343392857142857,0.7337511538462156,0.8575714285714285,0.8569265909348255,0.848875,0.9499602346374901,0.0500397653625098
106,0.8752811758328798,0.29848943485592894,0.733,0.7325534380441707,0.8556428571428571,0.855062185366749,0.8540535714285714,0.9506133792071199,0.04938662079288013
107,0.8658945190914662,0.3985057678567804,0.7335892857142857,0.7328429335029043,0.8562857142857143,0.8556266210789458,0.8689642857142857,0.9510042356583062,0.04899576434169384
108,0.8669349404096657,0.3877185860846562,0.7341785714285715,0.733673239072161,0.8575714285714285,0.8569223229037277,0.8661607142857143,0.9514324103579828,0.048567589642017024
109,0.853830426763624,0.5187112500367544,0.7344285714285714,0.7340257865856039,0.8575,0.8568541301639595,0.8716428571428572,0.9515044034405544,0.04849559655944566
110,0.8571265139345912,0.48671828553678426,0.7346964285714286,0.7346492803776182,0.8578571428571429,0.8573013460554979,0.8964464285714285,0.9515483029010219,0.048451697098978175
111,0.873482424817654,0.3181413613730972,0.7348928571428571,0.7348033374371241,0.8578571428571429,0.857314253047606,0.8943214285714286,0.9507739231654246,0.04922607683457529
112,0.8572552555036778,0.48545626449347745,0.7347142857142858,0.7346743555323729,0.8562142857142857,0.8556871477994781,0.8665535714285715,0.9511557620642153,0.04884423793578455
113,0.8647426367088222,0.4103664033781574,0.7339464285714286,0.7340739861158299,0.8557857142857143,0.8552037701991461,0.8794285714285714,0.9502986822324024,0.04970131776759751
114,0.8626781553630396,0.4314123533327761,0.7355,0.7352294762457539,0.8555714285714285,0.8550134054784095,0.8822142857142857,0.9500463495412546,0.04995365045874544
115,0.8643385605768598,0.41450687849810286,0.736625,0.7360205291476204,0.8568571428571429,0.856294063016931,0.886375,0.9503223369308724,0.04967766306912766
116,0.8623457362593097,0.4347762087351808,0.7365714285714285,0.7360175760224746,0.8577857142857143,0.8571548590094503,0.8960357142857143,0.9503371377566349,0.04966286224336521
117,0.8601448899171713,0.456876821223785,0.7344285714285714,0.734359170477318,0.8560714285714286,0.8555506855686801,0.8757142857142857,0.9500720956093845,0.04992790439061546
118,0.863281326542128,0.4252911465510601,0.7351071428571428,0.7353379908826689,0.8548571428571429,0.8543612357950311,0.8999821428571428,0.950073904663,0.04992609533699992
119,0.856779280007706,0.49011741388298624,0.73525,0.7352225619499326,0.8555714285714285,0.8550690609391921,0.89075,0.9495957607211578,0.05040423927884219
120,0.8692677402274377,0.3632697734647592,0.7363214285714286,0.7361614296305123,0.8569285714285715,0.8564353397573751,0.8575535714285715,0.9491534376238038,0.05084656237619635
121,0.8666432289830052,0.3907502537531556,0.7374642857142857,0.7370405310404077,0.8575,0.8569892123235097,0.8966785714285714,0.949313297287742,0.05068670271225792
122,0.8672240978936917,0.38470790329078247,0.7387321428571428,0.7384130306124167,0.8582142857142857,0.8576246762617628,0.8928214285714285,0.9492100222871009,0.05078997771289907
123,0.8672177493766584,0.38477406308478945,0.7389821428571428,0.7383607138435535,0.8585714285714285,0.858001623283271,0.880875,0.9491574452824738,0.050842554717526085
124,0.867410026622628,0.3827690951284026,0.7398928571428571,0.7396011048040415,0.8580714285714286,0.8575089461193036,0.8579464285714286,0.9491567620981914,0.05084323790180853
125,0.8606782929578356,0.45154738117376736,0.739375,0.7391272355091479,0.8575714285714285,0.8571326982113554,0.8954285714285715,0.9493071780344393,0.050692821965560755
126,0.8693228776611575,0.3626874432969284,0.7400535714285714,0.7397904113786093,0.8576428571428572,0.8571487283429106,0.8966071428571428,0.9493116864719584,0.05068831352804163
127,0.8771747455266992,0.2775372011581102,0.7392857142857143,0.7391177209692754,0.8576428571428572,0.8572002324932004,0.8646428571428572,0.9490852338270129,0.050914766172987055
128,0.8667530424004056,0.3896096557978,0.7389464285714286,0.738796683087955,0.8573571428571428,0.856948731521744,0.8968214285714285,0.9492004329877846,0.05079956701221539
129,0.8695806448192892,0.3599622805468575,0.7397678571428571,0.7394795153660366,0.8578571428571429,0.8573806954280373,0.9215892857142857,0.9487654443105717,0.05123455568942814
130,0.8678890458051173,0.377763395825157,0.7395178571428571,0.7393022215642299,0.8576428571428572,0.8571373672670815,0.8731964285714285,0.9484807792955785,0.05151922070442144
131,0.8703372750012209,0.35193650930306797,0.7405535714285715,0.7399160640327402,0.8587857142857143,0.8582033458234454,0.8792142857142857,0.9485867887654419,0.05141321123455807
132,0.8764192476087616,0.28592977876264253,0.7406785714285714,0.7400967673229044,0.8592857142857143,0.8586556494928714,0.8164464285714286,0.9484828056530397,0.05151719434696028
133,0.8711775813734057,0.34297631432988307,0.7410714285714286,0.7403930374056634,0.8595714285714285,0.8588824229059911,0.8852678571428572,0.9488312072230495,0.051168792776950474
134,0.8713015444353286,0.34165028375011325,0.7414642857142857,0.7410365146760822,0.8597857142857143,0.859102938993205,0.8161964285714286,0.9492211361210823,0.05077886387891765
135,0.8640337276082457,0.41762355668481754,0.741375,0.7409784808880701,0.859,0.858363321852219,0.892875,0.9493528297878235,0.050647170212176615
136,0.8702275963432995,0.35310236390748617,0.74125,0.7410748103999735,0.858,0.8574531052579445,0.874125,0.9491952690356575,0.0508047309643426
137,0.8830208869271325,0.21104534474906114,0.7411607142857143,0.7409906896110163,0.8584285714285714,0.8578299721328593,0.8928214285714285,0.949235742549955,0.05076425745004502
138,0.8888273847995609,0.14208673657167362,0.7416964285714286,0.7412112316802247,0.8597142857142858,0.8590490398280208,0.8966785714285714,0.9494551264558798,0.05054487354412026
139,0.8629747836875838,0.4284048907329375,0.7419107142857143,0.7413321173336928,0.8599285714285714,0.8592409710840044,0.8905,0.9493604097198429,0.05063959028015717
140,0.8645749684801554,0.4120857256494851,0.7420535714285714,0.7415946519467915,0.8595,0.8587291065004556,0.8782857142857143,0.9489840754226485,0.051015924577351435
141,0.8683917296071089,0.37249382992605024,0.7419642857142857,0.7416799052628787,0.8601428571428571,0.859419145967955,0.8755,0.9490363529438934,0.050963647056106426
142,0.8670868791762958,0.38613730416036657,0.74225,0.7418845905129781,0.8590714285714286,0.8583425355226,0.8959107142857143,0.9488677440765263,0.05113225592347381
143,0.8624495264227576,0.4337266566521169,0.7430535714285714,0.7422995957640852,0.8599285714285714,0.8591520036342534,0.8728928571428571,0.9483158510495513,0.05168414895044861
144,0.8733364233501342,0.3197259599442615,0.744125,0.7437171871631151,0.8602857142857143,0.8595335226781448,0.778625,0.9483113549099442,0.05168864509005568
145,0.8644107188435228,0.41376825277877183,0.7440535714285714,0.7434579077480944,0.8607857142857143,0.8599259002108253,0.8287857142857142,0.9493349353744029,0.050665064625597195
146,0.8579991359672707,0.4781455526402353,0.7436428571428572,0.7430348968720745,0.8604285714285714,0.8595332440238213,0.8696428571428572,0.9497168344430715,0.050283165556928605
147,0.8611881991917588,0.44643669525696117,0.7437142857142857,0.7434043305134473,0.8605,0.8596904669658241,0.8981071428571429,0.9496699763765571,0.05033002362344287
148,0.8660058208832928,0.39735516816236033,0.7434642857142857,0.7431549283263397,0.8611428571428571,0.8604325705631124,0.9076428571428572,0.9495570706703226,0.05044292932967745
149,0.8728798344824493,0.3246714022762321,0.7430357142857142,0.7430132826021809,0.8613571428571428,0.8606861222476834,0.8552678571428571,0.9497510738502938,0.05024892614970626
150,0.8671694100629614,0.3852777336901279,0.7435714285714285,0.7430595585451643,0.8603571428571428,0.8596443055254206,0.8232678571428571,0.9499846215101805,0.05001537848981963
151,0.8699870945047656,0.3556559019225438,0.7443571428571428,0.7436270455237393,0.8613571428571428,0.860574827363008,0.8984642857142857,0.950304836821585,0.049695163178415
152,0.8636294669397714,0.42174773641747015,0.7433571428571428,0.7427951844323515,0.8594285714285714,0.8587913956191671,0.8801964285714285,0.9501369271449338,0.04986307285506619
153,0.8769886621841643,0.27960844978880317,0.7444107142857143,0.7438017602204182,0.8606428571428572,0.8599920914355774,0.8542321428571429,0.949921667002908,0.05007833299709194
154,0.8647679943728291,0.4101062214996264,0.7442857142857143,0.7436039952234277,0.8601428571428571,0.8595434320090692,0.8939285714285714,0.950019056927768,0.04998094307223176
155,0.868664458051666,0.36962770585346005,0.7445714285714286,0.7439828790822354,0.8602142857142857,0.8595179521368417,0.8940714285714285,0.9499330506041876,0.05006694939581233
156,0.861900860646876,0.4392673829730212,0.7443928571428572,0.7438550373852315,0.8603571428571428,0.8596457516486689,0.8977857142857143,0.9499903740974452,0.05000962590255477
157,0.8585216600000476,0.47299115811053577,0.7439464285714286,0.7434908140736721,0.8602142857142857,0.8595516812873403,0.8813392857142858,0.9497705307051527,0.05022946929484716
158,0.860734732041163,0.4509824763261471,0.74425,0.74395940800321,0.8614285714285714,0.8606968717729628,0.8876071428571428,0.9495407743858212,0.0504592256141787
159,0.873484523979984,0.3181185671223929,0.7445535714285715,0.7442163464156687,0.862,0.8612223742548627,0.8990892857142857,0.9497969346313089,0.050203065368691194
160,0.868557168868124,0.3707558181990107,0.7430892857142857,0.7428698295328513,0.8595,0.8588314989434851,0.9290357142857143,0.9495532275380691,0.05044677246193099
161,0.8651944091813241,0.40572482123093906,0.7432142857142857,0.7429541384681843,0.8594285714285714,0.8586908064565606,0.8514285714285714,0.9492202022994374,0.05077979770056264
162,0.8723212655260537,0.3307008233532365,0.7430892857142857,0.7426858687621916,0.8597857142857143,0.8590939813366741,0.8885357142857143,0.9496943272207425,0.050305672779257495
163,0.8693365834285386,0.36254265839249455,0.7431607142857143,0.7430594796400245,0.8597857142857143,0.8591370189868186,0.8954642857142857,0.949277368588948,0.05072263141105206
164,0.8664373906738525,0.3928860934017905,0.7435535714285715,0.7434396568298663,0.8603571428571428,0.8597812017789369,0.9331607142857142,0.9492809762780283,0.050719023721971596
165,0.8740608681640862,0.3118479245524708,0.74425,0.743913111902396,0.8604285714285714,0.8598283611927192,0.8973035714285714,0.9490995938403597,0.050900406159640386
166,0.8682371264824799,0.37411632857859,0.7440357142857142,0.7437188796048375,0.8599285714285714,0.8592241633067212,0.8893214285714286,0.9487626948238623,0.051237305176137726
167,0.8714133452525454,0.3404534185374506,0.7441964285714285,0.7440285937773194,0.8610714285714286,0.8604285722920375,0.8634821428571429,0.9486916984997215,0.051308301500278486
168,0.8677163516854091,0.3795698013966122,0.7440178571428572,0.7434913054626874,0.8604285714285714,0.8598099188090289,0.8783571428571428,0.9492393230981534,0.05076067690184659
169,0.8620943176978251,0.4373158623452695,0.7454107142857143,0.7446980922333797,0.8609285714285714,0.8602216559218567,0.8482857142857143,0.9493511060545872,0.05064889394541293
170,0.8679395146965152,0.37723510591688175,0.7463928571428572,0.7456380325464174,0.8615714285714285,0.8608783460155809,0.8435357142857143,0.9500377289148187,0.0499622710851813
171,0.8660493342011714,0.39690512277307494,0.7462678571428571,0.7457150342852,0.8622142857142857,0.8614770040734394,0.8059821428571429,0.9502203604322468,0.04977963956775314
172,0.8640872834003234,0.41707641740775436,0.7470535714285714,0.7466923034662385,0.8643571428571428,0.8636380582984436,0.8933214285714286,0.9508587119207828,0.04914128807921736
173,0.8605256281053117,0.45307445962633897,0.7463392857142858,0.7459355422836396,0.8627857142857143,0.8622170407199661,0.8859285714285714,0.9506114285409392,0.04938857145906081
174,0.8654210598499976,0.40339122832222685,0.7463928571428572,0.7459907586437253,0.8621428571428571,0.8615353863712831,0.893375,0.9503053534001028,0.049694646599897224
175,0.8632849068420271,0.42525474455020457,0.7460535714285714,0.7455889097496677,0.8615,0.8608188568761828,0.8930535714285714,0.950217362895136,0.04978263710486397
176,0.8696261180956357,0.35948105359033133,0.7465892857142857,0.746205186071777,0.8617142857142858,0.8610062800560947,0.8916428571428572,0.9506372304226773,0.04936276957732261
177,0.8682539138261314,0.37394023022909684,0.747625,0.7474505798237084,0.8617142857142858,0.8610794640977728,0.8859821428571428,0.9505828729281024,0.049417127071897764
178,0.8643891793160123,0.41398877016389496,0.7481785714285715,0.747904743028638,0.8617857142857143,0.8610949227178961,0.8278571428571428,0.9504020196507268,0.04959798034927328
179,0.8620915105792595,0.43734419591834045,0.7481428571428571,0.7476148898023565,0.8610714285714286,0.8602810726956017,0.8891785714285714,0.9505966283596508,0.04940337164034917
180,0.8639899810181663,0.4180703479798617,0.7477321428571428,0.747317325893124,0.8616428571428572,0.8608586228028067,0.8932678571428572,0.9501668050186953,0.049833194981304785
181,0.8703472905297075,0.35183000512065465,0.7478928571428571,0.7475661522753029,0.862,0.8612738644632438,0.8989285714285714,0.9501617805654906,0.049838219434509556
182,0.8673626775563856,0.38326305522027304,0.7472678571428572,0.7470816202875318,0.8609285714285714,0.8603149234344178,0.8560357142857142,0.9498692821481686,0.050130717851831444
183,0.8623217953949732,0.43501821034129096,0.7481428571428571,0.7477555483010422,0.8612857142857143,0.8606047450600436,0.8442321428571429,0.9505146582807289,0.04948534171927123
184,0.8718419411678553,0.33585692009996515,0.7495535714285714,0.7494095904106849,0.8616428571428572,0.8609430548252147,0.849125,0.9509111434566705,0.049088856543329534
185,0.8598246659939903,0.4600681324933993,0.749875,0.7496020630290487,0.8618571428571429,0.8611317486276489,0.8231071428571428,0.9511562503098268,0.04884374969017331
186,0.8612788540373293,0.4455264324402569,0.7513928571428572,0.7507956883013428,0.8623571428571428,0.8615564040119865,0.7949107142857142,0.9517065084281344,0.04829349157186556
187,0.8619224103464087,0.4390501115361421,0.7512857142857143,0.7506266757175635,0.862,0.861090991731318,0.8380357142857143,0.9519636452062172,0.04803635479378286
188,0.8625750561097719,0.43245637931181813,0.7518928571428571,0.751243504420126,0.8624285714285714,0.8614842226918364,0.8435,0.9518955003283055,0.04810449967169446
189,0.8613142656279932,0.4451707300871673,0.7526964285714286,0.7518158182042025,0.8627857142857143,0.8617579489510174,0.8724642857142857,0.9516312422134163,0.04836875778658362
190,0.8717089061253128,0.33728506225473104,0.7530714285714286,0.7523835268069619,0.8631428571428571,0.862059237562567,0.86225,0.9514819670028393,0.048518032997160704
191,0.8660201982275455,0.397206481206655,0.7524285714285714,0.7518162974772419,0.8639285714285714,0.8629408837620097,0.8237857142857142,0.9521975598900533,0.04780244010994665
192,0.8665321747548171,0.3919029316866994,0.752875,0.752385858211412,0.8645,0.8635554734847094,0.8993214285714286,0.9523420882930662,0.047657911706933634
193,0.8715502797996418,0.33898627909847673,0.7531071428571429,0.7527687303949528,0.8647142857142858,0.8637865474176699,0.9051964285714286,0.9522091072933492,0.047790892706650795
194,0.8683308576407911,0.3731328500289595,0.7526964285714286,0.7523979416517981,0.8647142857142858,0.8638648602403116,0.8997142857142857,0.9522383673834999,0.0477616326165
195,0.864355806221456,0.41433037893218244,0.7528392857142857,0.7526566757171574,0.8644285714285714,0.8635932347765125,0.8986428571428572,0.9522244860306754,0.04777551396932458
196,0.8613471366903099,0.44484047863156906,0.7530892857142857,0.7526765388247193,0.864,0.8632060675353701,0.896,0.9517902884918193,0.048209711508180694
197,0.8619181499138048,0.4390930689323058,0.7537678571428571,0.7532304640322492,0.8638571428571429,0.8629867062064374,0.8915892857142858,0.951429550804133,0.04857044919586699
198,0.870556787440783,0.349600628082342,0.7543214285714286,0.7537593819653441,0.8632857142857143,0.8624943313911547,0.8995178571428571,0.9512462261828234,0.0487537738171765
199,0.8721481690654738,0.3325647261620685,0.7542857142857143,0.7538575604462607,0.8632857142857143,0.8624758504265835,0.896,0.9510134477095953,0.04898655229040475
200,0.8674328896878503,0.38253052706637697,0.7539107142857143,0.7535575223483858,0.8632857142857143,0.8625057429185468,0.83975,0.9510418311696199,0.048958168830380094
201,0.8788011703296696,0.2593179869925216,0.7527142857142857,0.7521733483942886,0.8628571428571429,0.8621245375161996,0.899625,0.9514425407692395,0.04855745923076042
202,0.8766417283606716,0.2834629043820565,0.7524642857142857,0.7520980553670676,0.8621428571428571,0.8614401788279584,0.9061428571428571,0.9513537992641183,0.04864620073588162
203,0.8740631013424951,0.31182357978730246,0.7525,0.752472287593234,0.8615,0.8608546279883831,0.8993035714285714,0.9510003925188937,0.04899960748110633
204,0.8760555658134832,0.2899540930699664,0.7531785714285715,0.7528368430488875,0.8612142857142857,0.8605727649983648,0.889375,0.9510626875575785,0.04893731244242136
205,0.8772229557492447,0.2770001447515956,0.7528928571428571,0.7524157303594414,0.8605714285714285,0.8599330273766584,0.8973214285714286,0.950722850317545,0.049277149682454904
206,0.8719239456289787,0.3349759653451828,0.7529285714285714,0.7524911043260023,0.8606428571428572,0.8600310079816872,0.8772678571428572,0.9506099969003923,0.04939000309960774
207,0.8746932822688557,0.3049389127469962,0.7535714285714286,0.7530568156860495,0.8619285714285714,0.8612132375238305,0.8948392857142857,0.9518367196622187,0.0481632803377813
208,0.8787756404785891,0.2596055950481639,0.7536785714285714,0.7530129067656025,0.8623571428571428,0.8615470388876248,0.899875,0.951697671016015,0.04830232898398483
209,0.880343205377565,0.24184840801383956,0.7540178571428572,0.7534618163860661,0.8630714285714286,0.8622940523276048,0.8995178571428571,0.9515321261120141,0.048467873887985916
210,0.8768143836083304,0.2815458609962646,0.7540892857142857,0.7536237653016962,0.8634285714285714,0.8626770705252508,0.8998392857142857,0.9515380113940365,0.048461988605963555
211,0.8708790126846431,0.34616564080354184,0.7540357142857143,0.7534390405368113,0.864,0.8632369468068697,0.8786785714285714,0.951400430073079,0.048599569926921105
212,0.8783804646256875,0.26405082711742844,0.7536071428571428,0.7532815068094506,0.8623571428571428,0.8616719541645989,0.8997857142857143,0.9514074070852233,0.0485925929147768
213,0.8691225971485446,0.36480169502198334,0.7545892857142857,0.7539551724909066,0.8627142857142858,0.8619987453155573,0.8953392857142857,0.9513494924799841,0.04865050752001587
214,0.8735816868740869,0.31706314672340646,0.7549642857142858,0.7546932291465798,0.8615714285714285,0.8608945591035362,0.8506607142857143,0.9512843141107262,0.04871568588927387
215,0.8761480161004065,0.2889320482761982,0.7547678571428571,0.7543509678201432,0.8610714285714286,0.860366818644267,0.8762857142857143,0.9513724222518112,0.04862757774818892
216,0.8784187777131698,0.2636203983070629,0.7549642857142858,0.7543941849047002,0.8617142857142858,0.8609552103246878,0.8978571428571429,0.9513276967517752,0.04867230324822469
217,0.873895295515269,0.31365186946197415,0.7553035714285714,0.7547342219125994,0.8620714285714286,0.8612748780428185,0.8971428571428571,0.9514983304647606,0.048501669535239426
218,0.8727764892473691,0.32578865655229544,0.7547857142857143,0.7542733807571554,0.8623571428571428,0.8615675565908768,0.9000892857142857,0.9512575941198933,0.04874240588010677
219,0.877983783927345,0.2685004892776601,0.7547678571428571,0.7540880262348819,0.8628571428571429,0.8620294687984217,0.8888392857142857,0.9509780102129395,0.04902198978706056
220,0.8748457062938924,0.3032692415515643,0.7549821428571428,0.754382716456023,0.8633571428571428,0.8625675313128645,0.9035,0.9510694215158932,0.04893057848410671
221,0.8785258087441311,0.2624173374184906,0.7548928571428571,0.7543843628809613,0.8630714285714286,0.862296079971667,0.899375,0.9512335710418787,0.048766428958121326
222,0.8781908505510277,0.26617933050908676,0.75475,0.7544261380765358,0.8617142857142858,0.8610090089054985,0.9001428571428571,0.9510808330911615,0.0489191669088384
223,0.879591575805104,0.25038767379207966,0.755625,0.7549867238367821,0.8623571428571428,0.8616225291537136,0.8586428571428572,0.9508728626106919,0.04912713738930808
224,0.8772941851155817,0.27620632565813724,0.7554464285714285,0.7546679145906431,0.8617142857142858,0.8609313152915027,0.8518392857142857,0.9508130572970173,0.04918694270298264
225,0.880815398669311,0.23646008676594582,0.7558035714285715,0.7553207840675037,0.862,0.8612555510186723,0.896625,0.9516465159958305,0.04835348400416962
226,0.8778648548173891,0.2698321181748966,0.7559107142857143,0.7554264154812913,0.8624285714285714,0.8616327104625977,0.8091607142857142,0.9515935682197293,0.04840643178027071
227,0.8598612141814337,0.4597042065777865,0.7560178571428572,0.755544735626337,0.8624285714285714,0.8616005435910447,0.9009285714285714,0.952183536328747,0.04781646367125293
228,0.8718902839176753,0.335337643442777,0.7557142857142857,0.7553328827416509,0.8615714285714285,0.8607317732764164,0.860625,0.9520578864420085,0.047942113557991516
229,0.8708242547896844,0.3467498856745177,0.7554821428571429,0.7549803835528249,0.8612142857142857,0.860395615201132,0.8689642857142857,0.9526484360560773,0.04735156394392261
230,0.8687653607455086,0.3685660314612602,0.7563035714285714,0.7559026442929049,0.8623571428571428,0.8616120003707657,0.834875,0.9526869920929422,0.047313007907058016
231,0.8699322659905369,0.3562374834119049,0.7567142857142857,0.7564172330160328,0.8622142857142857,0.8614514559942874,0.8639821428571428,0.9527779577458759,0.04722204225412395
232,0.8645091538651136,0.4127601185795428,0.7568214285714285,0.7562819161601462,0.862,0.8611476329482264,0.8934285714285715,0.9533127085963076,0.04668729140369253
233,0.8592714084791525,0.4655674790248132,0.7570892857142857,0.7565977516035655,0.8626428571428572,0.8618248043213148,0.8554464285714286,0.953345127411799,0.04665487258820118
234,0.8571055390917269,0.4869238068318297,0.7564464285714285,0.7560596604566718,0.8615,0.860767685756791,0.8483035714285714,0.9530997700859307,0.04690022991406928
235,0.8621859103776931,0.43639110826038835,0.7571607142857143,0.7566054641140084,0.8619285714285714,0.8611150107473602,0.8434642857142857,0.9524204200476452,0.04757957995235482
236,0.8642116925962632,0.4158047205473448,0.7574464285714285,0.7568685249588747,0.8608571428571429,0.8601371994249186,0.9004821428571429,0.9523915350576222,0.0476084649423779
237,0.8677349866259552,0.37937497345596954,0.7571964285714285,0.7565405251624137,0.8612857142857143,0.8605849188763696,0.8495,0.9525719702586644,0.047428029741335684
238,0.8626806795766406,0.4313867838304577,0.7575178571428571,0.7568622485694547,0.8624285714285714,0.8616507611693077,0.9321071428571429,0.9531532259597062,0.04684677404029383
239,0.8662564912922497,0.3947608618525213,0.7576607142857142,0.7572482626738185,0.8623571428571428,0.8616406475545076,0.8975357142857143,0.9527719488174022,0.04722805118259771
240,0.8749391113962665,0.3022452094905144,0.7573035714285714,0.7568103762463265,0.863,0.8622142321306694,0.8672321428571429,0.9526028992091709,0.04739710079082908
241,0.8678020283021418,0.3786738615643038,0.7579285714285714,0.7574132510346665,0.8630714285714286,0.8623079483798503,0.895,0.953172282417816,0.04682771758218383
242,0.8691265997434217,0.36475946874303683,0.7584285714285715,0.7581519673684656,0.8635714285714285,0.8628329247220382,0.7954285714285714,0.9532088470602855,0.04679115293971449
243,0.8571840883068083,0.4861540157214926,0.7600714285714286,0.7595895827280288,0.8642142857142857,0.863427531928286,0.9388571428571428,0.9540003095154495,0.04599969048455056
244,0.8757393228257063,0.29344524197346217,0.7597678571428571,0.7594039684794089,0.8630714285714286,0.8623059167404022,0.8753214285714286,0.9536987621141335,0.0463012378858665
245,0.876399458401879,0.28614901736570564,0.7599642857142858,0.7596047015576337,0.8641428571428571,0.8633669326128273,0.8985178571428571,0.9537822255814272,0.046217774418572624
246,0.8712138371406641,0.342588599609242,0.7604107142857143,0.760139698373871,0.8652142857142857,0.8645057668538378,0.8922678571428572,0.9536415677452325,0.046358432254767566
247,0.8711544916847471,0.34322318416143255,0.7608392857142857,0.7604069695733615,0.8652857142857143,0.8645300166906058,0.8968035714285715,0.9532433188995355,0.0467566811004645
248,0.8667322826355183,0.3898253420042271,0.7610892857142857,0.7605040385096679,0.8649285714285714,0.8641540104434714,0.8598571428571429,0.9531547259897205,0.04684527401027942
249,0.871829122612741,0.3359945833812569,0.7612678571428572,0.760688924780619,0.8658571428571429,0.8649871399567619,0.8653928571428572,0.9536138222366024,0.046386177763397526
250,0.8652730832393939,0.40491516958510304,0.7622857142857142,0.7617151334232315,0.8660714285714286,0.8652408005722035,0.8735357142857143,0.9538644802998115,0.04613551970018857
251,0.8692261638074215,0.3637087419502672,0.7618928571428571,0.7610717486002085,0.8653571428571428,0.8645365173966633,0.8885892857142857,0.9537716987106842,0.04622830128931585
252,0.8558629576712289,0.4990546080496725,0.7602142857142857,0.7594895826212164,0.8638571428571429,0.8631537348659611,0.8855178571428571,0.9537309011248489,0.04626909887515099
253,0.8596731114644356,0.4615763787952851,0.7612678571428572,0.7604412412392278,0.8642142857142857,0.8634367371322254,0.8867857142857143,0.9536168835819134,0.0463831164180866
254,0.8654600103200896,0.40298986057753444,0.7615714285714286,0.7609826931582099,0.8636428571428572,0.8629098839458542,0.89775,0.9536973657681695,0.04630263423183049
255,0.867360473287035,0.3832860472003486,0.7622142857142857,0.7617701667464511,0.8638571428571429,0.8631454999215068,0.8951071428571429,0.9533471034825725,0.04665289651742763
256,0.8686298164495134,0.3699920369851442,0.7624821428571429,0.7619273194470858,0.8648571428571429,0.8640515317121326,0.9054285714285715,0.9531852943204508,0.04681470567954908
257,0.86953004121219,0.360497632267465,0.7625892857142857,0.7618283656870559,0.8643571428571428,0.863556645495089,0.83075,0.9529340404286104,0.04706595957138948
258,0.869866584748732,0.35693390840822126,0.7632321428571428,0.7624645384310351,0.8653571428571428,0.8645802398501701,0.9031071428571429,0.9530864720815024,0.04691352791849759
259,0.8702286897934458,0.3530907449653258,0.7631964285714286,0.7627851450433993,0.8647142857142858,0.8639892120304402,0.888,0.9530910522512219,0.046908947748778185
260,0.8637780789153702,0.42023282778530724,0.7635714285714286,0.7630399092821534,0.8647142857142858,0.8639667338965683,0.8879642857142858,0.9528869658618544,0.04711303413814552
261,0.8687574556307067,0.36864923223117624,0.7643928571428571,0.7637932432393593,0.8658571428571429,0.8651469398026215,0.8984464285714285,0.9525650334128406,0.047434966587159344
262,0.8654944291754715,0.40263510748030434,0.763875,0.7633522112641014,0.8649285714285714,0.8642415948738552,0.8931071428571429,0.9524651579201294,0.04753484207987051
263,0.8626849366510527,0.4313436600892901,0.764125,0.7636696677845202,0.8654285714285714,0.8647457399785221,0.8332321428571429,0.9529483615411614,0.04705163845883857
264,0.8674410160099335,0.38244572335095395,0.7645357142857143,0.7639166601753866,0.8647142857142858,0.8639559036138772,0.9065357142857143,0.9528964860234308,0.04710351397656903
265,0.860216739438572,0.4561599376742281,0.7634821428571429,0.7627750049385168,0.8645714285714285,0.863783760570304,0.8966964285714286,0.9524084671331321,0.0475915328668679
266,0.852626894133935,0.5302440433542769,0.7624285714285715,0.7620335657915818,0.8636428571428572,0.8630074693970371,0.8895892857142857,0.9521863416205144,0.04781365837948581
267,0.8611341428871844,0.44697923583042004,0.7626428571428572,0.7622396895508576,0.8624285714285714,0.861754404234186,0.8432321428571429,0.9520470366713727,0.047952963328627425
268,0.8708099763835362,0.3469021958940354,0.7630535714285714,0.7625935940916003,0.8627142857142858,0.8619768265786056,0.8996964285714286,0.9523849118836297,0.04761508811637033
269,0.8669573027713618,0.3874859488278665,0.7631607142857143,0.7628013997288341,0.8627857142857143,0.8620524304988292,0.8987321428571429,0.9520118549587699,0.04798814504122993
270,0.8647802173342911,0.4099807933111176,0.7639285714285714,0.7633746352894594,0.8631428571428571,0.862356985418069,0.9047857142857143,0.9516192508341521,0.04838074916584782
271,0.8722676585515208,0.3312782937195348,0.7640357142857143,0.7636539953981027,0.8627857142857143,0.8620687833035461,0.8965178571428571,0.9512269801377893,0.048773019862210706
272,0.8655914864726141,0.401634330574783,0.764375,0.7639705161125507,0.8625714285714285,0.8618753360244217,0.8908571428571429,0.9511279405839086,0.0488720594160915
273,0.8611106408610485,0.4472150606122667,0.7650892857142857,0.7645739361367843,0.8639285714285714,0.8631426174815952,0.84275,0.9509804534085664,0.04901954659143377
274,0.8658143845959576,0.3993336711415937,0.7667857142857143,0.7660979860661123,0.8655,0.8646669449174802,0.8757678571428571,0.9509654043897624,0.04903459561023754
275,0.8660319504104447,0.39708493300522024,0.7667321428571429,0.7660918633858579,0.8656428571428572,0.8647888240826627,0.8965178571428571,0.9509817209663927,0.049018279033607365
276,0.8682824111158615,0.3736412515775052,0.7654821428571429,0.7651801960028894,0.8637142857142858,0.8629693758651333,0.8981607142857143,0.9507520540121075,0.04924794598789248
277,0.8643003796324236,0.41489757191009113,0.7654642857142857,0.7652607927451391,0.8642142857142857,0.8634981209055812,0.8988928571428572,0.9502356740867342,0.04976432591326569
278,0.855405687252979,0.5034968531230072,0.7653928571428571,0.7652916017940998,0.8636428571428572,0.8629049609392206,0.8965357142857143,0.9501604846299246,0.0498395153700753
279,0.8645013741095773,0.4128398183611431,0.765625,0.7653308446574003,0.8647142857142858,0.864011649983994,0.886,0.9495837318468181,0.05041626815318193
280,0.8538590499737166,0.5184360134114488,0.7661071428571429,0.7657233829188146,0.8645714285714285,0.8638929306590197,0.835375,0.9494518069286563,0.05054819307134374
281,0.8748220922899166,0.30352802622581504,0.7662678571428572,0.7659543597562971,0.8638571428571429,0.8631074314278214,0.9152321428571428,0.9498458365315056,0.050154163468494585
282,0.8673579704812332,0.383312152719714,0.7673214285714286,0.7668301539453992,0.8647142857142858,0.8639430959196288,0.867,0.9496812361989375,0.05031876380106236
283,0.8609511892898227,0.4488141514966562,0.7675714285714286,0.7668072824673289,0.8657142857142858,0.8649121835244215,0.8715892857142857,0.9502765389821688,0.049723461017831164
284,0.8688957108570087,0.36719349192418954,0.7676785714285714,0.7669758535954554,0.8640714285714286,0.8633742427825292,0.8713392857142858,0.9502640211941644,0.049735978805835517
285,0.8754323160273552,0.2968271424997209,0.7683928571428571,0.7676775190411097,0.864,0.8632716349344571,0.8892321428571428,0.9506739791070337,0.04932602089296649
286,0.8602302796352324,0.4560248048731284,0.7686428571428572,0.7681102165029852,0.8646428571428572,0.8638421497567725,0.914,0.950745974314293,0.049254025685707
287,0.8660807010271786,0.3965806283023503,0.7682321428571428,0.7677520840929069,0.8650714285714286,0.8642517024917782,0.9078571428571428,0.9504406818551914,0.049559318144808524
288,0.8615583341101235,0.4427170360754995,0.7676785714285714,0.7671344318972305,0.8632857142857143,0.8625475403820339,0.8418928571428571,0.9498914042209259,0.05010859577907413
289,0.8676124168165951,0.3806560119657423,0.7676785714285714,0.7672634461745593,0.8625,0.8617660681054863,0.8534821428571429,0.9500383907055707,0.04996160929442926
290,0.8670206867256289,0.3868263810627767,0.7678214285714285,0.7673310774880662,0.8615714285714285,0.8608193734056337,0.8756607142857142,0.9506694882480979,0.049330511751901986
291,0.8682157401989972,0.3743406420008511,0.7681428571428571,0.7675519873832142,0.8621428571428571,0.8614099086748672,0.8634821428571429,0.9508212263281729,0.04917877367182702
292,0.8703158198995571,0.35216463726399533,0.7669464285714286,0.7664072386698378,0.862,0.8613567759160462,0.9200178571428571,0.9503139747061562,0.04968602529384381
293,0.8748437143666986,0.3032910725966581,0.767625,0.7672843309251174,0.8622142857142857,0.8615995964448565,0.8754464285714286,0.9499968228924203,0.050003177107579684
294,0.8664088628346737,0.3931818870308156,0.7687142857142857,0.768308232024958,0.8624285714285714,0.8618456898920368,0.8601428571428571,0.9499754695240343,0.050024530475965744
295,0.8681194670743813,0.3753500357431755,0.7691428571428571,0.7686291948518635,0.8637857142857143,0.8631138478513659,0.8453392857142857,0.9502494577607825,0.049750542239217446
296,0.8625155673953064,0.4330584872594998,0.7688214285714285,0.7683836028523245,0.8642142857142857,0.8635701937850049,0.9031785714285714,0.950567910245576,0.04943208975442412
297,0.8632496466076571,0.42561321115333667,0.7690892857142857,0.7685506810627947,0.8642142857142857,0.8635047433860168,0.8971071428571429,0.9501203592199806,0.04987964078001935
298,0.8703072688974605,0.3522555494700311,0.7699107142857143,0.7693287853174893,0.8646428571428572,0.8638722173387515,0.8980892857142857,0.9495936223673763,0.05040637763262373
299,0.8655753228040042,0.40180103969979714,0.7689464285714286,0.7686264589313417,0.8629285714285714,0.8622522622370736,0.8963928571428571,0.949173698288859,0.050826301711140956
300,0.8680623162418961,0.37594894886558083,0.7692857142857142,0.7688271320116502,0.8627857142857143,0.8620847566294021,0.8518571428571429,0.9490879055020978,0.05091209449790228
301,0.8712243256769734,0.3424764191444912,0.7700178571428572,0.7693555820278156,0.8634285714285714,0.8627892887611555,0.8928214285714285,0.9492049156833525,0.05079508431664755
302,0.8641252981082811,0.4166879394453667,0.7700178571428572,0.7693600555172521,0.8632142857142857,0.8625803292266054,0.886875,0.9489099398352139,0.05109006016478608
303,0.8629682541049125,0.42847115194327107,0.7703571428571429,0.7696181445324999,0.8621428571428571,0.8615095308799455,0.8897142857142857,0.9482936718651227,0.051706328134877313
304,0.853406492019181,0.5227825247356761,0.7703928571428571,0.7696770074931152,0.8628571428571429,0.8622309065818072,0.88175,0.9481478054677992,0.05185219453220079
305,0.8669178979406613,0.38789585789424696,0.7715,0.7708835079570604,0.8639285714285714,0.8632235686658,0.8708035714285715,0.9480706757715693,0.05192932422843072
306,0.8631754828008519,0.4263669298859463,0.7713035714285714,0.7709821239935819,0.8642857142857143,0.8636227300128578,0.8610357142857142,0.948763718669724,0.05123628133027593
307,0.8570204644165268,0.4877571505226399,0.771625,0.7713183116746978,0.865,0.8642817479138923,0.8802678571428572,0.9487043744773285,0.051295625522671445
308,0.8627563774536945,0.43061980406868444,0.7716071428571428,0.7711585623591357,0.8652142857142857,0.8644773010844513,0.8976607142857143,0.948608303153547,0.05139169684645309
309,0.8558573476918722,0.49910917826213996,0.7719821428571428,0.7715569526361286,0.8658571428571429,0.8651593071985231,0.8504642857142857,0.9478775456218571,0.05212245437814279
310,0.8634807116679832,0.42326271418548905,0.7725535714285714,0.7719459803902639,0.8655714285714285,0.8648569409919433,0.8128928571428572,0.9482446422938648,0.05175535770613526
311,0.8728985417144124,0.32446907745227715,0.7740892857142857,0.7734171731773386,0.8669285714285714,0.8661289070879732,0.9142678571428572,0.9496706188355224,0.05032938116447742
312,0.8733313298391538,0.3197812131788015,0.7743392857142857,0.7734359762846174,0.8675,0.8666886035729202,0.90375,0.949232451792427,0.050767548207573024
313,0.8637576028867607,0.42044163730964046,0.7748392857142857,0.7742246496276711,0.8668571428571429,0.8660800138501953,0.8232321428571429,0.9493909853262965,0.05060901467370344
314,0.8590923338527074,0.4673435964555966,0.7746428571428572,0.7741541221070181,0.8673571428571428,0.8665792448213472,0.8060357142857143,0.9493690821963566,0.050630917803643385
315,0.8646890031091093,0.41091657448511626,0.7745178571428571,0.773816291322589,0.8665,0.865644307464362,0.9017321428571429,0.9495147940540161,0.05048520594598398
316,0.8615333810586906,0.44296806314505455,0.7746785714285714,0.7741484883688208,0.8677857142857143,0.867075189089662,0.8930714285714285,0.9491403743659077,0.050859625634092354
317,0.8571150613955192,0.4868305059730835,0.7738035714285715,0.7732128473077833,0.8664285714285714,0.8657867645585938,0.877,0.9497483186901818,0.05025168130981815
318,0.8610628963635273,0.4476940369365957,0.7745535714285714,0.7738882174896703,0.8666428571428572,0.8658503952584053,0.8817142857142857,0.9494076476749004,0.05059235232509948
319,0.8543563144990769,0.5136472428151718,0.775625,0.774996553464662,0.8667857142857143,0.8659554240360954,0.8957142857142857,0.9492807893156454,0.050719210684354546
320,0.8596854582209625,0.46145355687617345,0.7759107142857142,0.7751687649316938,0.8668571428571429,0.8660345475194141,0.9066607142857143,0.948891651480892,0.05110834851910799
321,0.8670838951237931,0.3861683750085028,0.7760178571428571,0.7753726495116633,0.866,0.8652875403903064,0.8824464285714285,0.9490362975555114,0.05096370244448861
322,0.8591411566769132,0.46685954382188455,0.7766607142857143,0.7759014726570758,0.8654285714285714,0.8646584005654498,0.80825,0.9494562251698933,0.050543774830106865
323,0.8669960327644798,0.38708295960125205,0.777125,0.7764736196242327,0.8662142857142857,0.8654202641691577,0.9080357142857143,0.9496170294528248,0.05038297054717531
324,0.8621338324488765,0.4369169698858509,0.7771071428571429,0.7767192411958266,0.8671428571428571,0.8664491076608621,0.9104821428571429,0.9492137853696694,0.05078621463033072
325,0.8643538145230207,0.41435076382244623,0.7781964285714286,0.7776405257921915,0.8677857142857143,0.8671248034302229,0.8370892857142858,0.9495611408194822,0.05043885918051777
326,0.8650423198565029,0.40728887494337634,0.7790892857142857,0.7787796440644722,0.8675,0.8668337271538901,0.9195357142857142,0.9498189842616757,0.05018101573832438
327,0.8792709584701519,0.25401621343713204,0.7790357142857143,0.7785382792757355,0.8669285714285714,0.8662077990532545,0.9114464285714285,0.9496519705206539,0.050348029479346065
328,0.876835028681571,0.2813164779639997,0.7786428571428572,0.7780609199700431,0.8675714285714285,0.8668807899040137,0.8663035714285714,0.9495395648473697,0.05046043515263034
329,0.8721247250101943,0.3328170061372111,0.7780357142857143,0.7774115388750391,0.8674285714285714,0.8666782486415776,0.8888571428571429,0.949734145893439,0.05026585410656098
330,0.8683164512223513,0.37328404866529813,0.7777857142857143,0.777388546210187,0.8672142857142857,0.8665310957606162,0.8501071428571428,0.9497488027997674,0.05025119720023266
331,0.872459973372814,0.3292056597176577,0.7788571428571428,0.7785487945746525,0.8677142857142857,0.8669937350799761,0.8931607142857143,0.9503657887020411,0.049634211297958815
332,0.8592406352455902,0.46587283187206274,0.7793035714285714,0.7789690739936577,0.8675,0.8667416724667156,0.8652857142857143,0.9505805191896985,0.0494194808103014
333,0.8648000527293526,0.4097772283645434,0.7798214285714286,0.7795651140527409,0.8691428571428571,0.868354290225436,0.8505714285714285,0.9512098511308718,0.048790148869128316
334,0.8626747208656778,0.4314471430931238,0.7792321428571428,0.7787856451306322,0.8687857142857143,0.8679388954522584,0.8429107142857143,0.9512376998365064,0.04876230016349363
335,0.8655239958207721,0.4023303045994819,0.7796964285714286,0.7790505901773854,0.8686428571428572,0.8676966264706654,0.8864464285714285,0.9517129683681261,0.04828703163187381
336,0.8661080232719071,0.3962979232628659,0.7799107142857142,0.7790427025226905,0.8688571428571429,0.8679773362223262,0.8269821428571429,0.9518083831986293,0.04819161680137067
337,0.8546814245384675,0.5105090222970877,0.7800357142857143,0.7793011396621414,0.8692857142857143,0.8683726463059676,0.8823392857142857,0.9519781612018303,0.04802183879816978
338,0.8640084782037569,0.4178814478845864,0.7804821428571429,0.7798064697279112,0.8682857142857143,0.8674003717276235,0.8974642857142857,0.9514680089116613,0.048531991088338736
339,0.8599666325022802,0.458654066085331,0.7794821428571429,0.7787450934667943,0.8673571428571428,0.8666546378365065,0.8876607142857142,0.9514087285127071,0.0485912714872928
340,0.8639265215031474,0.41871825552719777,0.7803392857142857,0.7794377684406419,0.8681428571428571,0.8673738602353426,0.8364464285714286,0.9519048345948306,0.048095165405169525
341,0.8611273997920801,0.4470469010350344,0.7807321428571429,0.7800644707175026,0.8677142857142857,0.8668896432149648,0.8430892857142858,0.9527774850447668,0.047222514955233066
342,0.8609339437710298,0.44898700935186875,0.7807321428571429,0.7802164461759561,0.868,0.8672918403947663,0.9049107142857142,0.9527006917674984,0.047299308232501655
343,0.8665170627736338,0.3920597224862156,0.78025,0.7799313083622437,0.8672142857142857,0.8665625809862332,0.8791071428571429,0.9519749405903396,0.04802505940966041
344,0.8643549108030976,0.41433954350591456,0.7807678571428571,0.7802729367323382,0.8678571428571429,0.8671506106209378,0.8693214285714286,0.952270108886228,0.04772989111377206
345,0.852135020887812,0.5349349702901983,0.7806964285714286,0.7803626109544985,0.8681428571428571,0.8674965763762155,0.8476785714285714,0.9523814138104565,0.04761858618954351
346,0.8636788360544118,0.42124463585240113,0.78175,0.7812853295449278,0.8692142857142857,0.8685968460560363,0.8943571428571429,0.9531840503577145,0.046815949642285526
347,0.8760799837165189,0.28968421496069335,0.7821071428571429,0.7816094308244967,0.8696428571428572,0.8689397892319155,0.8420714285714286,0.9530071786950427,0.046992821304957286
348,0.8875757340350969,0.1572126348355738,0.7826071428571428,0.7822435477593551,0.8686428571428572,0.8678868053383987,0.89575,0.9534306232125862,0.046569376787413824
349,0.8785950774291372,0.26163824966065663,0.7824285714285715,0.7819867473827006,0.8683571428571428,0.8675492561165827,0.8950535714285714,0.9532910336842835,0.0467089663157165
350,0.876024635237455,0.29029588677066887,0.78175,0.781510734629719,0.8685714285714285,0.8678196670731074,0.8972857142857142,0.953066304733325,0.04693369526667502
351,0.8665299229529158,0.39192629567883186,0.7817857142857143,0.7813263096682247,0.8686428571428572,0.8678690197380403,0.8474821428571429,0.9528847497682786,0.047115250231721306
352,0.8708077623757698,0.3469258118126385,0.7820892857142857,0.7816773997392621,0.8678571428571429,0.8670178029584015,0.8824821428571429,0.9528722469953359,0.047127753004664236
353,0.8733628620270255,0.3194391287385599,0.78225,0.781714396797883,0.8682142857142857,0.8674011305153762,0.9081071428571429,0.9529472733421562,0.04705272665784384
354,0.8553968152143513,0.5035829267797812,0.7824821428571429,0.7819505937652705,0.8687857142857143,0.8679591015650535,0.9052142857142857,0.9528088417764656,0.047191158223534396
355,0.8599432979998881,0.4588865732643036,0.7827321428571429,0.7824041415246568,0.8682142857142857,0.8674608690943117,0.8729107142857143,0.9523049275350327,0.04769507246496735
356,0.8697554891068292,0.3581111868996619,0.7835178571428572,0.7830115999657241,0.8685714285714285,0.8677757648311601,0.839125,0.9522933359957579,0.04770666400424195
357,0.8689278469973423,0.3668549319532806,0.7844821428571429,0.7838531371560616,0.8699285714285714,0.8691443910915563,0.8961964285714286,0.9535242601353942,0.04647573986460583
358,0.8619104268869716,0.4391709363849247,0.7854642857142857,0.7848779790134681,0.8695714285714286,0.8687982674093737,0.865625,0.9535232320312749,0.046476767968725095
359,0.8591229313136923,0.4670402551210584,0.7855714285714286,0.7850794935952826,0.8695,0.8687891531009992,0.8692678571428571,0.9531250721969995,0.04687492780300052
360,0.8649737976004113,0.4079930569301123,0.786375,0.7858952231934098,0.8697142857142857,0.8690155877118277,0.8999285714285714,0.9530236026104277,0.04697639738957231
361,0.8773697980296793,0.2753632200974042,0.7861428571428571,0.7855508361630195,0.8694285714285714,0.8687397565335004,0.8999285714285714,0.9528449711490091,0.04715502885099078
362,0.8658070841960581,0.39940907388627167,0.7858571428571428,0.7853633860979261,0.8696428571428572,0.8689257359405662,0.8660357142857142,0.9529011021761867,0.047098897823813296
363,0.8620075179987327,0.4381917486669938,0.7860357142857143,0.7856357247156569,0.8697142857142857,0.8689295694476178,0.8130357142857143,0.9530442113906847,0.04695578860931529
364,0.8700685275758853,0.3547917332793971,0.7860178571428571,0.785760422561763,0.8696428571428572,0.8688621309129747,0.9256428571428571,0.9532116158608802,0.046788384139119815
365,0.8636506896303373,0.4215314834092826,0.7865,0.7861971834306456,0.8694285714285714,0.8686095286299753,0.8511607142857143,0.9529696651962167,0.047030334803783276
366,0.8659704174160203,0.39772124462737385,0.7876785714285715,0.7872509359947512,0.8702142857142857,0.869371027787577,0.8281785714285714,0.9532489236033506,0.04675107639664942
367,0.871934819236375,0.33485911659326933,0.7881071428571429,0.787501540496675,0.8712142857142857,0.8703075440948342,0.8849821428571428,0.9536497119632901,0.04635028803670985
368,0.8679429031267778,0.3771996309358477,0.7882678571428572,0.7876440462111447,0.8705714285714286,0.8696619390170834,0.8971785714285714,0.9534749134574105,0.046525086542589564
369,0.8691720568468506,0.3642798317703235,0.7879642857142857,0.7874874446824351,0.871,0.870059548086388,0.82925,0.9536096447384583,0.04639035526154173
370,0.8542899310582865,0.514287313927926,0.787,0.7867147293173249,0.8704285714285714,0.8696465636016116,0.8950892857142857,0.9540107399710419,0.045989260028958014
371,0.8605762550208571,0.4525682032006987,0.7862857142857143,0.7860661743710843,0.8700714285714286,0.8693011614430762,0.8860357142857143,0.953508871819079,0.04649112818092107
372,0.8529732520277729,0.5269331005033624,0.7870357142857143,0.7867437955662353,0.8697857142857143,0.8690993503022085,0.8946607142857143,0.9532599524613297,0.04674004753867039
373,0.8634428244722383,0.4236483490783063,0.7878392857142857,0.7875273044150016,0.8702857142857143,0.8696553338231403,0.8945535714285714,0.9526146485937486,0.04738535140625155
374,0.8596065618424404,0.4622382392725609,0.7880357142857143,0.7876791977059645,0.8707857142857143,0.8701544247902827,0.8912857142857142,0.9523126491284718,0.0476873508715281
375,0.8551195744453867,0.5062704190639298,0.7871607142857143,0.786870849339561,0.8696428571428572,0.8691556695217619,0.8702321428571429,0.9518820491766539,0.04811795082334609
376,0.862976820574999,0.428384220166191,0.7883928571428571,0.7881680281672738,0.8702857142857143,0.8696396602163248,0.8909821428571428,0.9523910673176716,0.047608932682328436
377,0.8658784595372313,0.3986717193782528,0.7893392857142857,0.7891432611260409,0.8703571428571428,0.8696332979379431,0.8739642857142857,0.9525027193223241,0.047497280677675904
378,0.8551678357418991,0.5058028952270633,0.7894642857142857,0.7890581205896207,0.8702857142857143,0.8695321793059974,0.9131071428571429,0.95219467846614,0.04780532153385991
379,0.8672672692479478,0.38425793063407304,0.7897321428571429,0.7892169811665032,0.8705,0.8697063489767544,0.8623571428571428,0.9517666248392072,0.048233375160792784
380,0.8640440596970967,0.4175180156382457,0.7904107142857143,0.7896627476904384,0.8724285714285714,0.871560631178084,0.8776607142857142,0.9519610011803028,0.048038998819697094
